Cluster,N_test,MAE_delta_K,p_value,Interpretation,Design_role,Typical_application,Design_verdict
aromatic_dense,159,0.525,0.0,Stable improvement over strongest baseline.,high-Tg aromatic backbones,structural/electronic,RELIABLE — use model confidently for this family
ester_or_carbonate,29,0.255,0.2223,"Mean improvement is positive, but the 95% CI still overlaps zero.",biodegradable aliphatic esters,biomedical/packaging,NEUTRAL — no meaningful change vs baseline
fluorinated,27,0.614,0.0024,Stable improvement over strongest baseline.,fluoropolymers,low-surface-energy coatings,RELIABLE — use model confidently for this family
sulfone,3,0.291,0.405,"Mean improvement is positive, but the 95% CI still overlaps zero.",polysulfones,membrane/filter engineering,NEUTRAL — no meaningful change vs baseline
amide,10,-0.124,0.6965,No stable improvement over strongest baseline.,polyamides/nylons/aramids,high-performance fibers,NEUTRAL — no meaningful change vs baseline
ether_oxygen,175,0.664,0.0,Stable improvement over strongest baseline.,polyethers/PPO/PEO,flexible chain elastomers,RELIABLE — use model confidently for this family
imide_like,3,-0.501,0.362,No stable improvement over strongest baseline.,polyimides,aerospace/high-Tg applications,CAUTION — possible degradation; use baseline or seek experimental validation
other,36,-0.733,0.112,No stable improvement over strongest baseline.,atypical/complex backbones,diverse,CAUTION — possible degradation; use baseline or seek experimental validation
