Cluster,N_test,MAE_delta_K,p_value_x,Interpretation,Design_role,Typical_application,Design_verdict,cluster,n_samples,baseline_mae_K,proposed_mae_K,delta_K,p_value_y,interpretation,failure_mode,tg_mean_K,tg_std_K,tg_min_K,tg_max_K,mean_max_train_tanimoto,mean_aromatic_rings,mean_hetero_atoms,mean_rotatable_bonds,mean_mw,mean_ring_count,mean_measurement_std_K,diagnostic_flags,display,display_star
other,36,-0.733,0.112,No stable improvement over strongest baseline.,atypical/complex backbones,diverse,CAUTION — possible degradation; use baseline or seek experimental validation,other,36,49.07037603590224,49.80309562916225,-0.7327195932600228,0.1120290680573444,No stable improvement over strongest baseline.,degradation,270.2916666666667,71.56139971081775,171.0,415.0,0.4382614259521264,0.0555555555555555,2.4444444444444446,2.305555555555556,86.52902777777778,0.2222222222222222,0.0589255650988789,chemistry-space-shift,Other,Other
imide_like,3,-0.501,0.362,No stable improvement over strongest baseline.,polyimides,aerospace/high-Tg applications,CAUTION — possible degradation; use baseline or seek experimental validation,imide_like,3,39.05929545084636,39.56070842488607,-0.5014129740397137,0.3620260109161869,No stable improvement over strongest baseline.,degradation,617.0,106.71925786848408,494.0,685.0,0.735766254058937,5.333333333333333,9.333333333333334,3.6666666666666665,417.0336666666669,5.333333333333333,0.0,small-sample;heteroatom-rich,Imide Like,Imide Like*
amide,10,-0.124,0.6965,No stable improvement over strongest baseline.,polyamides/nylons/aramids,high-performance fibers,NEUTRAL — no meaningful change vs baseline,amide,10,32.4313655090332,32.55534513702393,-0.1239796279907223,0.696525712625188,No stable improvement over strongest baseline.,no_clear_improvement,464.0,148.29924701989106,313.0,673.0,0.6782749246836977,2.2,7.1,10.6,372.7499000000001,2.7,0.0,small-sample;heteroatom-rich;conformational-flexibility,Amide,Amide
ester_or_carbonate,29,0.255,0.2223,"Mean improvement is positive, but the 95% CI still overlaps zero.",biodegradable aliphatic esters,biomedical/packaging,NEUTRAL — no meaningful change vs baseline,ester_or_carbonate,29,22.065853055756666,21.81050083081476,0.2553522249419111,0.2223497828640255,"Mean improvement is positive, but the 95% CI still overlaps zero.",positive_or_marginal,387.3793103448276,132.58108402922542,205.0,673.0,0.6790911848768685,1.896551724137931,6.517241379310345,6.206896551724138,298.7246896551725,2.206896551724138,0.0,heteroatom-rich;conformational-flexibility,Ester Or Carbonate,Ester Or Carbonate
sulfone,3,0.291,0.405,"Mean improvement is positive, but the 95% CI still overlaps zero.",polysulfones,membrane/filter engineering,NEUTRAL — no meaningful change vs baseline,sulfone,3,9.935626525878906,9.644336135864258,0.2912903900146487,0.4049958375390449,"Mean improvement is positive, but the 95% CI still overlaps zero.",positive_or_marginal,481.3333333333333,20.207259421636905,458.0,493.0,0.7115895800106325,4.0,8.0,6.666666666666667,435.83700000000016,4.0,0.0,small-sample;heteroatom-rich;conformational-flexibility,Sulfone,Sulfone*
aromatic_dense,159,0.525,0.0,Stable improvement over strongest baseline.,high-Tg aromatic backbones,structural/electronic,RELIABLE — use model confidently for this family,aromatic_dense,159,26.057261365014806,25.532591004761503,0.5246703602532918,8.081531052087291e-07,Stable improvement over strongest baseline.,positive_or_marginal,432.6949685534591,96.65312033621495,187.0,685.0,0.6704304614945567,2.5534591194968552,5.433962264150943,4.345911949685535,295.8908238993712,2.8679245283018866,0.2979632348396143,heteroatom-rich,Aromatic Dense,Aromatic Dense
fluorinated,27,0.614,0.0024,Stable improvement over strongest baseline.,fluoropolymers,low-surface-energy coatings,RELIABLE — use model confidently for this family,fluorinated,27,34.9099925910102,34.296316872773346,0.6136757182368524,0.0024454422233044,Stable improvement over strongest baseline.,positive_or_marginal,387.14814814814815,100.96865610509786,199.0,584.0,0.5644035394751348,1.148148148148148,9.22222222222222,3.0,269.4827777777778,1.4814814814814814,0.0,chemistry-space-shift;heteroatom-rich,Fluorinated,Fluorinated
ether_oxygen,175,0.664,0.0,Stable improvement over strongest baseline.,polyethers/PPO/PEO,flexible chain elastomers,RELIABLE — use model confidently for this family,ether_oxygen,175,23.832811470249727,23.16880824737549,0.6640032228742325,8.495764552459852e-12,Stable improvement over strongest baseline.,positive_or_marginal,368.2171428571429,123.59406461429197,130.0,685.0,0.6788721626420864,1.6114285714285714,5.514285714285714,5.36,253.41680000000005,1.8742857142857143,0.0,heteroatom-rich;conformational-flexibility,Ether Oxygen,Ether Oxygen
